<application>
  <component name="MessDetector">
    <phpmd_settings_migrated />
  </component>
  <component name="PhpCodeSniffer">
    <phpcs_settings_migrated />
  </component>
  <component name="PhpInterpreters">
    <interpreters>
      <interpreter id="44f8e588-2984-45f5-b58c-fc8aca82a3d9" name="server2 - PHP 7.1" home="vagrant://DATA" debugger_id="php.debugger.XDebug">
        <remote_data VAGRANT_FOLDER="$USER_HOME$/projetos/server2" INTERPRETER_PATH="/usr/bin/php" HELPERS_PATH="/home/vagrant/.phpstorm_helpers" INITIALIZED="false" VALID="true" RUN_AS_ROOT_VIA_SUDO="false" />
      </interpreter>
      <interpreter id="80291ce6-d0d2-4148-a648-06ec9d808d0f" name="server1 - PHP 5.5" home="vagrant://DATA" debugger_id="php.debugger.XDebug">
        <remote_data VAGRANT_FOLDER="C:/Vagrant/server1" INTERPRETER_PATH="/usr/bin/php" HELPERS_PATH="/home/vagrant/.phpstorm_helpers" INITIALIZED="false" VALID="true" RUN_AS_ROOT_VIA_SUDO="false" />
      </interpreter>
    </interpreters>
  </component>
  <component name="PhpInterpretersPhpInfoCache">
    <phpInfoCache>
      <interpreter name="server2 - PHP 7.1">
        <phpinfo binary_type="PHP" php_cli="/usr/bin/php7.1" path_separator=":" remote_host="10.0.2.2" version="7.1.18-1+ubuntu16.04.1+deb.sury.org+1">
          <additional_php_ini>/etc/php/7.1/cli/conf.d/10-mysqlnd.ini, /etc/php/7.1/cli/conf.d/10-opcache.ini, /etc/php/7.1/cli/conf.d/10-pdo.ini, /etc/php/7.1/cli/conf.d/20-calendar.ini, /etc/php/7.1/cli/conf.d/20-ctype.ini, /etc/php/7.1/cli/conf.d/20-exif.ini, /etc/php/7.1/cli/conf.d/20-fileinfo.ini, /etc/php/7.1/cli/conf.d/20-ftp.ini, /etc/php/7.1/cli/conf.d/20-gettext.ini, /etc/php/7.1/cli/conf.d/20-iconv.ini, /etc/php/7.1/cli/conf.d/20-json.ini, /etc/php/7.1/cli/conf.d/20-mysqli.ini, /etc/php/7.1/cli/conf.d/20-pdo_mysql.ini, /etc/php/7.1/cli/conf.d/20-pdo_pgsql.ini, /etc/php/7.1/cli/conf.d/20-pgsql.ini, /etc/php/7.1/cli/conf.d/20-phar.ini, /etc/php/7.1/cli/conf.d/20-posix.ini, /etc/php/7.1/cli/conf.d/20-readline.ini, /etc/php/7.1/cli/conf.d/20-shmop.ini, /etc/php/7.1/cli/conf.d/20-sockets.ini, /etc/php/7.1/cli/conf.d/20-sysvmsg.ini, /etc/php/7.1/cli/conf.d/20-sysvsem.ini, /etc/php/7.1/cli/conf.d/20-sysvshm.ini, /etc/php/7.1/cli/conf.d/20-tokenizer.ini, /etc/php/7.1/cli/conf.d/20-xdebug.ini, /etc/php/7.1/cli/conf.d/20-zip.ini</additional_php_ini>
          <configuration_file>/etc/php/7.1/cli/php.ini</configuration_file>
          <configuration_options>
            <configuration_option name="include_path" value=".:/usr/share/php" />
          </configuration_options>
          <debuggers>
            <debugger_info debugger="xdebug" debugger_version="2.6.0">
              <debug_extensions />
            </debugger_info>
          </debuggers>
          <loaded_extensions>
            <extension name="Core" />
            <extension name="PDO" />
            <extension name="Phar" />
            <extension name="Reflection" />
            <extension name="SPL" />
            <extension name="Zend OPcache" />
            <extension name="calendar" />
            <extension name="ctype" />
            <extension name="date" />
            <extension name="exif" />
            <extension name="fileinfo" />
            <extension name="filter" />
            <extension name="ftp" />
            <extension name="gettext" />
            <extension name="hash" />
            <extension name="iconv" />
            <extension name="json" />
            <extension name="libxml" />
            <extension name="mysqli" />
            <extension name="mysqlnd" />
            <extension name="openssl" />
            <extension name="pcntl" />
            <extension name="pcre" />
            <extension name="pdo_mysql" />
            <extension name="pdo_pgsql" />
            <extension name="pgsql" />
            <extension name="posix" />
            <extension name="readline" />
            <extension name="session" />
            <extension name="shmop" />
            <extension name="sockets" />
            <extension name="standard" />
            <extension name="sysvmsg" />
            <extension name="sysvsem" />
            <extension name="sysvshm" />
            <extension name="tokenizer" />
            <extension name="xdebug" />
            <extension name="zip" />
            <extension name="zlib" />
          </loaded_extensions>
        </phpinfo>
      </interpreter>
      <interpreter name="server1 - PHP 5.5">
        <phpinfo binary_type="PHP" php_cli="/usr/bin/php5" path_separator=":" remote_host="10.0.2.2" version="5.5.9-1ubuntu4.25">
          <additional_php_ini>/etc/php5/cli/conf.d/05-opcache.ini, /etc/php5/cli/conf.d/10-pdo.ini, /etc/php5/cli/conf.d/20-json.ini, /etc/php5/cli/conf.d/20-mysql.ini, /etc/php5/cli/conf.d/20-mysqli.ini, /etc/php5/cli/conf.d/20-pdo_mysql.ini, /etc/php5/cli/conf.d/20-readline.ini, /etc/php5/cli/conf.d/20-xdebug.ini</additional_php_ini>
          <configuration_file>/etc/php5/cli/php.ini</configuration_file>
          <configuration_options>
            <configuration_option name="include_path" value=".:/usr/share/php:/usr/share/pear" />
          </configuration_options>
          <debuggers>
            <debugger_info debugger="xdebug" debugger_version="2.2.3">
              <debug_extensions />
            </debugger_info>
          </debuggers>
          <loaded_extensions>
            <extension name="Core" />
            <extension name="PDO" />
            <extension name="Phar" />
            <extension name="Reflection" />
            <extension name="SPL" />
            <extension name="SimpleXML" />
            <extension name="Zend OPcache" />
            <extension name="bcmath" />
            <extension name="bz2" />
            <extension name="calendar" />
            <extension name="ctype" />
            <extension name="date" />
            <extension name="dba" />
            <extension name="dom" />
            <extension name="ereg" />
            <extension name="exif" />
            <extension name="fileinfo" />
            <extension name="filter" />
            <extension name="ftp" />
            <extension name="gettext" />
            <extension name="hash" />
            <extension name="iconv" />
            <extension name="json" />
            <extension name="libxml" />
            <extension name="mbstring" />
            <extension name="mhash" />
            <extension name="mysql" />
            <extension name="mysqli" />
            <extension name="openssl" />
            <extension name="pcntl" />
            <extension name="pcre" />
            <extension name="pdo_mysql" />
            <extension name="posix" />
            <extension name="readline" />
            <extension name="session" />
            <extension name="shmop" />
            <extension name="soap" />
            <extension name="sockets" />
            <extension name="standard" />
            <extension name="sysvmsg" />
            <extension name="sysvsem" />
            <extension name="sysvshm" />
            <extension name="tokenizer" />
            <extension name="wddx" />
            <extension name="xdebug" />
            <extension name="xml" />
            <extension name="xmlreader" />
            <extension name="xmlwriter" />
            <extension name="zip" />
            <extension name="zlib" />
          </loaded_extensions>
        </phpinfo>
      </interpreter>
    </phpInfoCache>
  </component>
</application>